{"cameraMode":{"drawMode":0,"name":"Shaded","section":"Shading Mode"},"sceneLighting":true,"audioPlay":false,"sceneViewState":{"showFog":true,"showMaterialUpdate":false,"showSkybox":true,"showFlares":true,"showImageEffects":true,"showParticleSystems":true},"in2DMode":false,"pivot":{"x":-0.679753303527832,"y":1.6761655807495118,"z":-0.23128223419189454},"rotation":{"x":0.10056138783693314,"y":0.7205226421356201,"z":-0.10691723227500916,"w":0.6777277588844299},"size":10.879941940307618,"orthographic":true}