{"cameraMode":{"drawMode":0,"name":"Shaded","section":"Shading Mode"},"sceneLighting":false,"audioPlay":false,"sceneViewState":{"showFog":true,"showMaterialUpdate":false,"showSkybox":false,"showFlares":true,"showImageEffects":true,"showParticleSystems":true},"in2DMode":false,"pivot":{"x":-0.679753303527832,"y":1.6761655807495118,"z":-2.109999895095825},"rotation":{"x":0.021017683669924737,"y":0.8992688059806824,"z":-0.0434773787856102,"w":0.43473002314567568},"size":4.041658401489258,"orthographic":true}