{"cameraMode":{"drawMode":0,"name":"Shaded","section":"Shading Mode"},"sceneLighting":false,"audioPlay":false,"sceneViewState":{"showFog":true,"showMaterialUpdate":false,"showSkybox":true,"showFlares":true,"showImageEffects":true,"showParticleSystems":true},"in2DMode":false,"pivot":{"x":401.4505310058594,"y":220.9664764404297,"z":-116.52520751953125},"rotation":{"x":-0.00449605705216527,"y":0.0381217822432518,"z":0.0001951214944710955,"w":0.9992777109146118},"size":454.5870361328125,"orthographic":false}