{"cameraMode":{"drawMode":0,"name":"Shaded","section":"Shading Mode"},"sceneLighting":true,"audioPlay":false,"sceneViewState":{"showFog":true,"showMaterialUpdate":false,"showSkybox":true,"showFlares":true,"showImageEffects":true,"showParticleSystems":true},"in2DMode":false,"pivot":{"x":-20.634370803833009,"y":3.3268234729766847,"z":-25.541133880615236},"rotation":{"x":-0.11217405647039414,"y":-0.039957474917173389,"z":0.004506463650614023,"w":-0.9928881525993347},"size":22.0,"orthographic":false}