{"cameraMode":{"drawMode":0,"name":"Shaded","section":"Shading Mode"},"sceneLighting":true,"audioPlay":false,"sceneViewState":{"showFog":true,"showMaterialUpdate":false,"showSkybox":true,"showFlares":true,"showImageEffects":true,"showParticleSystems":true},"in2DMode":false,"pivot":{"x":-10.36803150177002,"y":3.917917251586914,"z":6.38170862197876},"rotation":{"x":-0.123695969581604,"y":-0.5298333764076233,"z":0.07844565808773041,"w":-0.8353733420372009},"size":9.242151260375977,"orthographic":false}